Time (UTC),TEC (TECU)
2023-05-27 00:00:00,-11.414052276292484
2023-05-27 00:00:30,-15.17431137091721
2023-05-27 00:01:00,-14.764966731081879
2023-05-27 00:01:30,-11.832916614171662
2023-05-27 00:02:00,-9.215014688609822
2023-05-27 00:02:30,-8.653355731195358
2023-05-27 00:03:00,-13.13710772793066
2023-05-27 00:03:30,-12.737282715212306
2023-05-27 00:04:00,-13.755884554437298
2023-05-27 00:04:30,-15.107673910171492
2023-05-27 00:05:00,-12.089946971891298
2023-05-27 00:05:30,-7.44436106592332
2023-05-27 00:06:00,-1.2280339904328648
2023-05-27 00:06:30,-5.350039553844595
2023-05-27 00:07:00,-7.063575307438923
2023-05-27 00:07:30,-12.927675576722788
2023-05-27 00:08:00,-13.565491657463383
2023-05-27 00:08:30,-12.527850564004433
2023-05-27 00:09:00,-20.76234202824748
2023-05-27 00:09:30,-16.135795376513464
2023-05-27 00:10:00,-12.680164846120132
2023-05-27 00:10:30,-10.976148719642781
2023-05-27 00:11:00,-8.11073609894172
2023-05-27 00:11:30,-10.14793974192827
2023-05-27 00:12:00,-11.890034447800403
2023-05-27 00:12:30,-12.118505924169103
2023-05-27 00:13:00,-8.548639655591423
2023-05-27 00:13:30,-12.565929143399217
2023-05-27 00:14:00,-14.079552408366085
2023-05-27 00:14:30,-10.852393354341455
2023-05-27 00:15:00,-7.358684280016776
2023-05-27 00:15:30,-9.510123661187675
2023-05-27 00:16:00,-7.939382491665197
2023-05-27 00:16:30,-8.567678945288815
2023-05-27 00:17:00,-6.568553846233612
2023-05-27 00:17:30,-9.005582537401951
2023-05-27 00:18:00,-11.671082669475553
2023-05-27 00:18:30,-11.061825505549326
2023-05-27 00:19:00,-6.768466370324506
2023-05-27 00:19:30,-7.092134259716728
2023-05-27 00:20:00,-10.052743293441312
2023-05-27 00:20:30,-9.614839701328176
2023-05-27 00:21:00,-13.651168478833362
2023-05-27 00:21:30,-15.517018550006823
2023-05-27 00:22:00,-12.537370226584846
2023-05-27 00:22:30,-6.530475302302264
2023-05-27 00:23:00,-6.587593135931004
2023-05-27 00:23:30,-8.205932511965242
2023-05-27 00:24:00,-7.977461071059979
2023-05-27 00:24:30,-10.01466471404653
2023-05-27 00:25:00,-13.898679209436018
2023-05-27 00:25:30,-11.547327304174225
2023-05-27 00:26:00,-8.02505927757174
2023-05-27 00:26:30,-3.122442978420695
2023-05-27 00:27:00,-4.340957341736582
2023-05-27 00:27:30,-8.501041449079661
2023-05-27 00:28:00,-10.84287369176104
2023-05-27 00:28:30,-12.327938039913539
2023-05-27 00:29:00,-7.158771755925881
2023-05-27 00:29:30,-7.1682914185062945
2023-05-27 00:30:00,-14.146189940038674
2023-05-27 00:30:30,-11.804357697357293
2023-05-27 00:31:00,-7.549077141527256
2023-05-27 00:31:30,-9.015102164518929
2023-05-27 00:32:00,-6.863662818811464
2023-05-27 00:32:30,-6.425759226698327
2023-05-27 00:33:00,-5.902178848678647
2023-05-27 00:33:30,-2.722617965702342
2023-05-27 00:34:00,-8.405845000592702
2023-05-27 00:34:30,-7.720430713340345
2023-05-27 00:35:00,-14.003395249576519
2023-05-27 00:35:30,-7.787068209549499
2023-05-27 00:36:00,-4.045848404622164
2023-05-27 00:36:30,-4.864537719756262
2023-05-27 00:37:00,-6.578073508814025
2023-05-27 00:37:30,-5.8545806421668845
2023-05-27 00:38:00,-5.778423483377319
2023-05-27 00:38:30,-5.711785987168166
2023-05-27 00:39:00,-10.652480865713995
2023-05-27 00:39:30,-11.214139787665024
2023-05-27 00:40:00,-8.586718234986204
2023-05-27 00:40:30,-3.646023356440376
2023-05-27 00:41:00,-7.463400320157277
2023-05-27 00:41:30,-8.996062910284971
2023-05-27 00:42:00,-4.5313502032470625
2023-05-27 00:42:30,-5.864100233820428
2023-05-27 00:43:00,-2.3894304491931417
2023-05-27 00:43:30,-4.1029662737143395
2023-05-27 00:44:00,-6.006894888819148
2023-05-27 00:44:30,-7.9489021542456095
2023-05-27 00:45:00,-8.77711113196012
2023-05-27 00:45:30,-8.719993262867945
2023-05-27 00:46:00,-5.530912752774663
2023-05-27 00:46:30,-6.378161020186567
2023-05-27 00:47:00,-7.882264658036456
2023-05-27 00:47:30,-7.86322533287563
2023-05-27 00:48:00,-8.66287539377577
2023-05-27 00:48:30,-6.844623529114073
2023-05-27 00:49:00,-1.2851518595250393
2023-05-27 00:49:30,-1.1613964942237116
2023-05-27 00:50:00,-1.532662590127695
2023-05-27 00:50:30,-5.568991296706011
2023-05-27 00:51:00,-5.921218138376038
2023-05-27 00:51:30,-3.998250162646968
2023-05-27 00:52:00,-5.749864531099513
2023-05-27 00:52:30,-8.310648623032614
2023-05-27 00:53:00,-11.137982628875458
2023-05-27 00:53:30,-4.055368067202577
2023-05-27 00:54:00,2.503666187377491
2023-05-27 00:54:30,-0.17135357181308933
2023-05-27 00:55:00,-5.4261966771707275
2023-05-27 00:55:30,-4.217201976435254
2023-05-27 00:56:00,-7.406282486528536
2023-05-27 00:56:30,-2.694059048887972
2023-05-27 00:57:00,-0.19991248862745928
2023-05-27 00:57:30,-1.9515268570800053
2023-05-27 00:58:00,-6.0925717101891275
2023-05-27 00:58:30,-9.176936144678473
2023-05-27 00:59:00,-6.8731824459284425
2023-05-27 00:59:30,-3.6936215629521376
2023-05-27 01:00:00,-1.2280339904328648
2023-05-27 01:00:30,-3.417551950998547
2023-05-27 01:01:00,-4.864537719756262
2023-05-27 01:01:30,-6.349602067908761
2023-05-27 01:02:00,-3.4937090743246784
2023-05-27 01:02:30,-1.7325750787551542
2023-05-27 01:03:00,-0.8377286402949246
2023-05-27 01:03:30,-0.6092571993896606
2023-05-27 01:04:00,-1.884889360870852
2023-05-27 01:04:30,0.06663749620915309
2023-05-27 01:05:00,0.3712660604405486
2023-05-27 01:05:30,-1.6183393760342395
2023-05-27 01:06:00,-3.6841019712985945
2023-05-27 01:06:30,-8.548639691054857
2023-05-27 01:07:00,-5.026371664452373
2023-05-27 01:07:30,3.1034037241867383
2023-05-27 01:08:00,-4.693184147943174
2023-05-27 01:08:30,-4.7122234376405645
2023-05-27 01:09:00,0.1142357381843494
2023-05-27 01:09:30,-2.1038411746591374
2023-05-27 01:10:00,0.7996500254367067
2023-05-27 01:10:30,2.2561554567748354
2023-05-27 01:11:00,-1.7516143684525458
2023-05-27 01:11:30,-3.2747572605363926
2023-05-27 01:12:00,-2.0657625952643546
2023-05-27 01:12:30,-1.789692947847329
2023-05-27 01:13:00,-2.1038411746591374
2023-05-27 01:13:30,2.722617965702342
2023-05-27 01:14:00,1.466025058455107
2023-05-27 01:14:30,-2.084801884961746
2023-05-27 01:15:00,-3.7031412609959857
2023-05-27 01:15:30,-3.8173769282534655
2023-05-27 01:16:00,0.19991248862745928
2023-05-27 01:16:30,-3.3033162128141975
2023-05-27 01:17:00,-3.636503764786833
2023-05-27 01:17:30,-2.598862600401014
2023-05-27 01:18:00,-3.3604340819063725
2023-05-27 01:18:30,-2.7321376282827554
2023-05-27 01:19:00,-4.569428782641846
2023-05-27 01:19:30,-2.998687613119367
2023-05-27 01:20:00,-3.341394792208981
2023-05-27 01:20:30,-3.87449479734564
2023-05-27 01:21:00,0.2475107306026556
2023-05-27 01:21:30,0.00951962711697839
2023-05-27 01:22:00,-1.208994700735473
2023-05-27 01:22:30,-2.28471440905264
2023-05-27 01:23:00,0.7044535769497487
2023-05-27 01:23:30,-1.5231429275472819
2023-05-27 01:24:00,-3.9125734122038582
2023-05-27 01:24:30,0.942444680435426
2023-05-27 01:25:00,0.2475107306026556
2023-05-27 01:25:30,0.742532156344532
2023-05-27 01:26:00,3.4080323238815686
2023-05-27 01:26:30,0.7615714460419235
2023-05-27 01:27:00,-2.4275090285879246
2023-05-27 01:27:30,-0.09519644848695784
2023-05-27 01:28:00,-1.7325750787551542
2023-05-27 01:28:30,-1.5041036378498902
2023-05-27 01:29:00,-2.770216207677538
2023-05-27 01:29:30,0.39982501271835336
2023-05-27 01:30:00,0.3712660604405486
2023-05-27 01:30:30,2.932050116910214
2023-05-27 01:31:00,3.626984102206419
2023-05-27 01:31:30,0.8472482319484682
2023-05-27 01:32:00,-0.20943215120787245
2023-05-27 01:32:30,-4.902616299151045
2023-05-27 01:33:00,-0.28558927453400396
2023-05-27 01:33:30,-0.38078572302096175
2023-05-27 01:34:00,4.912135961731459
2023-05-27 01:34:30,0.2475106951392208
2023-05-27 01:35:00,-1.1518768671067332
2023-05-27 01:35:30,3.265237633419414
2023-05-27 01:36:00,0.8282089422510766
2023-05-27 01:36:30,2.7797358347945162
2023-05-27 01:37:00,0.44742325469354965
2023-05-27 01:37:30,-0.31414822681180865
2023-05-27 01:38:00,0.9234053907380344
2023-05-27 01:38:30,5.226284153079833
2023-05-27 01:39:00,5.778423447913884
2023-05-27 01:39:30,6.920780687903639
2023-05-27 01:40:00,1.047160756039362
2023-05-27 01:40:30,2.208557250263074
2023-05-27 01:41:00,4.65510556854839
2023-05-27 01:41:30,2.046723305566963
2023-05-27 01:42:00,2.341832278144815
2023-05-27 01:42:30,2.34183224268138
2023-05-27 01:43:00,2.3037536632865967
2023-05-27 01:43:30,3.741219804927334
2023-05-27 01:44:00,2.2561554567748354
2023-05-27 01:44:30,-0.5902178742288342
2023-05-27 01:45:00,0.6378161162040304
2023-05-27 01:45:30,3.5222680266024833
2023-05-27 01:46:00,1.7135357890577627
2023-05-27 01:46:30,-0.8282089777145114
2023-05-27 01:47:00,4.502791286432693
2023-05-27 01:47:30,4.502791286432693
2023-05-27 01:48:00,3.017726902816759
2023-05-27 01:48:30,3.8554555431116833
2023-05-27 01:49:00,4.569428782641846
2023-05-27 01:49:30,5.588030586403403
2023-05-27 01:50:00,3.569866233114245
2023-05-27 01:50:30,1.6659375825460012
2023-05-27 01:51:00,3.741219804927334
2023-05-27 01:51:30,3.541307316299875
2023-05-27 01:52:00,5.388118097775944
2023-05-27 01:52:30,5.588030621866838
2023-05-27 01:53:00,3.646023391903811
2023-05-27 01:53:30,4.674144858245781
2023-05-27 01:54:00,4.217201976435254
2023-05-27 01:54:30,4.293359099761385
2023-05-27 01:55:00,6.18776812321265
2023-05-27 01:55:30,3.712660888112964
2023-05-27 01:56:00,7.02549672804414
2023-05-27 01:56:30,6.854143156231051
2023-05-27 01:57:00,3.8840144599260538
2023-05-27 01:57:30,3.9887305355299896
2023-05-27 01:58:00,3.7888180469025303
2023-05-27 01:58:30,3.1986001726736966
2023-05-27 01:59:00,2.570303683586644
2023-05-27 01:59:30,2.151439381170899
2023-05-27 02:00:00,4.636066278850999
2023-05-27 02:00:30,3.0177269382801937
2023-05-27 02:01:00,4.445673417340518
2023-05-27 02:01:30,5.483314546262902
2023-05-27 02:02:00,3.0653251447919554
2023-05-27 02:02:30,1.6468982928486096
2023-05-27 02:03:00,4.036328742041751
2023-05-27 02:03:30,9.500604034070696
2023-05-27 02:04:00,4.483751996735301
2023-05-27 02:04:30,5.073969870964135
2023-05-27 02:05:00,4.702703775060152
2023-05-27 02:05:30,1.3517893557341927
2023-05-27 02:06:00,5.597550284447252
2023-05-27 02:06:30,4.816939513244501
2023-05-27 02:07:00,5.5594716695890325
2023-05-27 02:07:30,6.46383780609311
2023-05-27 02:08:00,7.482439609854668
2023-05-27 02:08:30,5.369078808078552
2023-05-27 02:09:00,7.606194975155997
2023-05-27 02:09:30,4.01728945234436
2023-05-27 02:10:00,6.901741362742813
2023-05-27 02:10:30,4.683664520826195
2023-05-27 02:11:00,3.884014495389488
2023-05-27 02:11:30,5.102528787778505
2023-05-27 02:12:00,6.6351913779062
2023-05-27 02:12:30,9.081739696191518
2023-05-27 02:13:00,6.568553846233612
2023-05-27 02:13:30,4.445673417340518
2023-05-27 02:14:00,4.29335913522482
2023-05-27 02:14:30,9.443486129515087
2023-05-27 02:15:00,10.262175480112619
2023-05-27 02:15:30,6.244885992304825
2023-05-27 02:16:00,6.340082405328348
2023-05-27 02:16:30,8.101216436361307
2023-05-27 02:17:00,7.225409252135034
2023-05-27 02:17:30,9.671957605883785
2023-05-27 02:18:00,9.776673681487722
2023-05-27 02:18:30,7.653793181667757
2023-05-27 02:19:00,10.40497013511134
2023-05-27 02:19:30,6.616152088208809
2023-05-27 02:20:00,4.32191805203919
2023-05-27 02:20:30,11.46165051826768
2023-05-27 02:21:00,13.955797043064758
2023-05-27 02:21:30,10.00514508692955
2023-05-27 02:22:00,8.35824679408094
2023-05-27 02:22:30,7.453880693040298
2023-05-27 02:23:00,8.491521786499248
2023-05-27 02:23:30,10.10034153541651
2023-05-27 02:24:00,6.987418184112792
2023-05-27 02:24:30,6.2734449445826295
2023-05-27 02:25:00,7.387243196831146
2023-05-27 02:25:30,10.166979031625662
2023-05-27 02:26:00,14.774486358198855
2023-05-27 02:26:30,12.3755362464253
2023-05-27 02:27:00,6.730387790929723
2023-05-27 02:27:30,2.7606965450971246
2023-05-27 02:28:00,6.66375029472057
2023-05-27 02:28:30,8.101216471824742
2023-05-27 02:29:00,6.121130627003498
2023-05-27 02:29:30,7.282527085763775
2023-05-27 02:30:00,11.004707671920585
2023-05-27 02:30:30,10.262175480112619
2023-05-27 02:31:00,11.585405883569008
2023-05-27 02:31:30,13.051430977487549
2023-05-27 02:32:00,12.147064840983472
2023-05-27 02:32:30,10.528725464949233
2023-05-27 02:33:00,6.99693781122977
2023-05-27 02:33:30,9.928987963603419
2023-05-27 02:34:00,8.86278788240323
2023-05-27 02:34:30,12.166104130680862
2023-05-27 02:35:00,14.431779214572678
2023-05-27 02:35:30,13.127588065350247
2023-05-27 02:36:00,10.433529016462273
2023-05-27 02:36:30,12.032829102799122
2023-05-27 02:37:00,8.015539650454762
2023-05-27 02:37:30,10.79527548524928
2023-05-27 02:38:00,9.072220033611103
2023-05-27 02:38:30,8.681914648009728
2023-05-27 02:39:00,10.852393354341455
2023-05-27 02:39:30,8.900866461798014
2023-05-27 02:40:00,5.49283417337988
2023-05-27 02:40:30,10.328812976321773
2023-05-27 02:41:00,13.99387562245954
2023-05-27 02:41:30,9.605320074211196
2023-05-27 02:42:00,10.976148719642781
2023-05-27 02:42:30,8.31064858756918
2023-05-27 02:43:00,11.26173802964022
2023-05-27 02:43:30,13.032391652326723
2023-05-27 02:44:00,7.825146788944282
2023-05-27 02:44:30,9.890909348745202
2023-05-27 02:45:00,13.356059541718944
2023-05-27 02:45:30,11.928113027195186
2023-05-27 02:46:00,9.7861933086047
2023-05-27 02:46:30,13.21326485125679
2023-05-27 02:47:00,15.30758639879895
2023-05-27 02:47:30,9.881389721628222
2023-05-27 02:48:00,8.748552179682317
2023-05-27 02:48:30,13.12758810081368
2023-05-27 02:49:00,12.480252357492672
2023-05-27 02:49:30,10.861912981458431
2023-05-27 02:50:00,11.642523752661182
2023-05-27 02:50:30,15.259988192287187
2023-05-27 02:51:00,18.153959765266055
2023-05-27 02:51:30,16.811690072112274
2023-05-27 02:52:00,17.868370455268614
2023-05-27 02:52:30,15.83116677681863
2023-05-27 02:53:00,17.030641850437128
2023-05-27 02:53:30,13.708286347925537
2023-05-27 02:54:00,20.12452591204345
2023-05-27 02:54:30,16.583218595743578
2023-05-27 02:55:00,16.059638217723894
2023-05-27 02:55:30,17.98260615798953
2023-05-27 02:56:00,17.77317400678166
2023-05-27 02:56:30,18.33483296419612
2023-05-27 02:57:00,16.230991789536986
2023-05-27 02:57:30,17.059200767251493
2023-05-27 02:58:00,16.849768616043622
2023-05-27 02:58:30,10.747677278737516
2023-05-27 02:59:00,7.9013039122704125
2023-05-27 02:59:30,15.402782847285907
2023-05-27 03:00:00,10.757196905854496
2023-05-27 03:00:30,14.38418104352435
2023-05-27 03:01:00,17.43998652573589
2023-05-27 03:01:30,16.49754180983703
2023-05-27 03:02:00,16.687934671347513
2023-05-27 03:02:30,18.582343694798777
2023-05-27 03:03:00,15.745489990912086
2023-05-27 03:03:30,20.819459861876222
2023-05-27 03:04:00,18.23011692405562
2023-05-27 03:04:30,16.983043643925363
2023-05-27 03:05:00,19.53430803781462
2023-05-27 03:05:30,21.143127751268445
2023-05-27 03:06:00,19.029766949492327
2023-05-27 03:06:30,23.78006893106424
2023-05-27 03:07:00,21.809502784286845
2023-05-27 03:07:30,20.790900945061853
2023-05-27 03:08:00,23.170811767138016
2023-05-27 03:08:30,19.69614194704729
2023-05-27 03:09:00,20.533870587342218
2023-05-27 03:09:30,18.544265115403995
2023-05-27 03:10:00,12.251780916587409
2023-05-27 03:10:30,14.622172076083158
2023-05-27 03:11:00,18.886972294493606
2023-05-27 03:11:30,20.12452591204345
2023-05-27 03:12:00,24.560679702266988
2023-05-27 03:12:30,21.324000950198513
2023-05-27 03:13:00,18.87745266737663
2023-05-27 03:13:30,18.439549039800056
2023-05-27 03:14:00,17.735095427386874
2023-05-27 03:14:30,19.515268712653793
2023-05-27 03:15:00,25.169936866193215
2023-05-27 03:15:30,22.009415272914303
2023-05-27 03:16:00,20.68618483399448
2023-05-27 03:16:30,20.590988456434392
2023-05-27 03:17:00,18.011165110267335
2023-05-27 03:17:30,21.21928491005801
2023-05-27 03:18:00,17.335270450131954
2023-05-27 03:18:30,22.980418870164097
2023-05-27 03:19:00,22.190288507307805
2023-05-27 03:19:30,24.684435032104883
2023-05-27 03:20:00,24.855788603917972
2023-05-27 03:20:30,22.447318900490874
2023-05-27 03:21:00,25.58880116860896
2023-05-27 03:21:30,27.330895874481094
2023-05-27 03:22:00,25.74111545072466
2023-05-27 03:22:30,24.693954694685296
2023-05-27 03:23:00,20.229241987647384
2023-05-27 03:23:30,16.288109658629157
2023-05-27 03:24:00,17.497104359364634
2023-05-27 03:24:30,23.684872482577283
2023-05-27 03:25:00,25.68399761709592
2023-05-27 03:25:30,24.85578863938141
2023-05-27 03:26:00,20.89561702066579
2023-05-27 03:26:30,21.89517957019339
2023-05-27 03:27:00,24.608277908778753
2023-05-27 03:27:30,26.483647642532624
2023-05-27 03:28:00,30.881722817897945
2023-05-27 03:28:30,29.758404938532454
2023-05-27 03:29:00,27.645044101292903
2023-05-27 03:29:30,26.35037265011432
2023-05-27 03:30:00,26.607403007833952
2023-05-27 03:30:30,30.272465653971718
2023-05-27 03:31:00,23.837186800156417
2023-05-27 03:31:30,19.27727764463155
2023-05-27 03:32:00,25.036661838311474
2023-05-27 03:32:30,25.407927934215458
2023-05-27 03:33:00,25.88391010572338
2023-05-27 03:33:30,24.379806432410053
2023-05-27 03:34:00,24.979544004682737
2023-05-27 03:34:30,23.95142250287733
2023-05-27 03:35:00,26.245656574510384
2023-05-27 03:35:30,24.62731716301271
2023-05-27 03:36:00,33.156917599833605
2023-05-27 03:36:30,29.082510242933637
2023-05-27 03:37:00,27.645044101292903
2023-05-27 03:37:30,29.529933462163758
2023-05-27 03:38:00,28.42565483703222
2023-05-27 03:38:30,27.67360305357071
2023-05-27 03:39:00,30.510456721993965
2023-05-27 03:39:30,32.38582645574784
2023-05-27 03:40:00,33.20451580634537
2023-05-27 03:40:30,32.85228896467534
2023-05-27 03:41:00,28.320938796891713
2023-05-27 03:41:30,29.00635308414407
2023-05-27 03:42:00,25.645919037701137
2023-05-27 03:42:30,27.645044136756336
2023-05-27 03:43:00,33.20451577088193
2023-05-27 03:43:30,27.26425837827194
2023-05-27 03:44:00,23.11369389804584
2023-05-27 03:44:30,30.73892819836266
2023-05-27 03:45:00,32.75709255165182
2023-05-27 03:45:30,35.917614109467294
2023-05-27 03:46:00,35.85097661325815
2023-05-27 03:46:30,36.90765699641448
2023-05-27 03:47:00,33.670978315272876
2023-05-27 03:47:30,29.14914773914279
2023-05-27 03:48:00,26.873953028134
2023-05-27 03:48:30,31.748010375007237
2023-05-27 03:49:00,31.22442999698756
2023-05-27 03:49:30,33.480585418298965
2023-05-27 03:50:00,31.862246077728155
2023-05-27 03:50:30,26.1599797531404
2023-05-27 03:51:00,33.261633675437544
2023-05-27 03:51:30,37.145648099900164
2023-05-27 03:52:00,38.497437455634355
2023-05-27 03:52:30,28.72076380961007
2023-05-27 03:53:00,31.80512820863598
2023-05-27 03:53:30,38.01193565700946
2023-05-27 03:54:00,40.4299250584804
2023-05-27 03:54:30,41.91498937116947
2023-05-27 03:55:00,42.61944298358265
2023-05-27 03:55:30,41.515164393914546
2023-05-27 03:56:00,38.62119282093569
2023-05-27 03:56:30,43.54284840978412
2023-05-27 03:57:00,38.583114277004334
2023-05-27 03:57:30,39.93490359727509
2023-05-27 03:58:00,39.74451070030118
2023-05-27 03:58:30,39.99202143090383
2023-05-27 03:59:00,40.63935720968828
2023-05-27 03:59:30,42.11490189526037
2023-05-27 04:00:00,47.74101109652199
2023-05-27 04:00:30,41.934028696330294
2023-05-27 04:01:00,39.20189106804754
2023-05-27 04:01:30,40.28713040348168
2023-05-27 04:02:00,43.67612340220243
2023-05-27 04:02:30,40.02058038318164
2023-05-27 04:03:00,36.184164129767346
2023-05-27 04:03:30,41.66747867603025
2023-05-27 04:04:00,41.39140899314979
2023-05-27 04:04:30,39.52555895743976
2023-05-27 04:05:00,33.70905689466766
2023-05-27 04:05:30,35.670103414328075
2023-05-27 04:06:00,42.87647334130229
2023-05-27 04:06:30,34.65150157510308
2023-05-27 04:07:00,46.5510556854839
2023-05-27 04:07:30,42.467128701466955
2023-05-27 04:08:00,38.75446784881743
2023-05-27 04:08:30,37.650189223685885
2023-05-27 04:09:00,41.95306798602768
2023-05-27 04:09:30,43.15254302418275
2023-05-27 04:10:00,48.28363076423906
2023-05-27 04:10:30,42.45760903888654
2023-05-27 04:11:00,39.097174992443605
2023-05-27 04:11:30,44.8851181029379
2023-05-27 04:12:00,42.02922510935382
2023-05-27 04:12:30,43.914114505688104
2023-05-27 04:13:00,46.96040036078267
2023-05-27 04:13:30,50.42555051829298
2023-05-27 04:14:00,57.76519547314893
2023-05-27 04:14:30,59.38353484918317
2023-05-27 04:15:00,50.615943379803454
2023-05-27 04:15:30,54.90930247956484
2023-05-27 04:16:00,53.357600599739754
2023-05-27 04:16:30,49.92100942997069
2023-05-27 04:17:00,45.87516098988509
2023-05-27 04:17:30,57.13689901952531
2023-05-27 04:18:00,55.30912752774663
2023-05-27 04:18:30,51.90109520386506
2023-05-27 04:19:00,45.04695204763401
2023-05-27 04:19:30,39.82066785909075
2023-05-27 04:20:00,49.435507595882356
2023-05-27 04:20:30,42.77175726569835
2023-05-27 04:21:00,50.94913089631266
2023-05-27 04:21:30,50.46362909768776
2023-05-27 04:22:00,44.45673417340518
2023-05-27 04:22:30,42.10538226814339
2023-05-27 04:23:00,47.33166642122322
2023-05-27 04:23:30,51.415593405240166
2023-05-27 04:24:00,60.7734027488487
2023-05-27 04:24:30,49.33079152027842
2023-05-27 04:25:00,50.78729695161655
2023-05-27 04:25:30,58.33637405768037
2023-05-27 04:26:00,59.4120937305341
2023-05-27 04:26:30,60.95427598324221
2023-05-27 04:27:00,64.65741724423819
2023-05-27 04:27:30,54.94738105895963
2023-05-27 04:28:00,43.97123233931684
2023-05-27 04:28:30,52.92921667020703
2023-05-27 04:29:00,56.94650612255139
2023-05-27 04:29:30,59.469211635089714
2023-05-27 04:30:00,57.927029382381605
2023-05-27 04:30:30,64.14335645787204
2023-05-27 04:31:00,58.231658017539864
2023-05-27 04:31:30,47.85524683470633
2023-05-27 04:32:00,58.117422243892086
2023-05-27 04:32:30,49.854371933761534
2023-05-27 04:33:00,55.099695341075325
2023-05-27 04:33:30,63.93392430666418
2023-05-27 04:34:00,62.46789924820907
2023-05-27 04:34:30,60.68772596294216
2023-05-27 04:35:00,69.32204243990357
2023-05-27 04:35:30,72.48256399771904
2023-05-27 04:36:00,76.31898025113334
2023-05-27 04:36:30,67.77034056007848
2023-05-27 04:37:00,65.83785295723243
2023-05-27 04:37:30,66.5423065696456
2023-05-27 04:38:00,68.18920486249422
2023-05-27 04:38:30,63.553138583643225
2023-05-27 04:39:00,73.75819619466367
2023-05-27 04:39:30,72.92046758983219
2023-05-27 04:40:00,77.46133745565965
2023-05-27 04:40:30,77.26142493156875
2023-05-27 04:41:00,82.42107158843943
2023-05-27 04:41:30,67.21820126524443
2023-05-27 04:42:00,71.9113854131876
2023-05-27 04:42:30,76.96631599445433
2023-05-27 04:43:00,68.19872452507464
2023-05-27 04:43:30,66.19959942601943
2023-05-27 04:44:00,69.89322102443501
2023-05-27 04:44:30,69.00789417762832
2023-05-27 04:45:00,79.79365003576062
2023-05-27 04:45:30,80.7836929227078
2023-05-27 04:46:00,84.18220558400895
2023-05-27 04:46:30,78.28002677079375
2023-05-27 04:47:00,76.51889277522423
2023-05-27 04:47:30,79.94596435333975
2023-05-27 04:48:00,74.95767126828217
2023-05-27 04:48:30,68.95077634399958
2023-05-27 04:49:00,63.19139215031966
2023-05-27 04:49:30,66.34239408101816
2023-05-27 04:50:00,64.00056183833676
2023-05-27 04:50:30,66.86597445903784
2023-05-27 04:51:00,77.11863027657003
2023-05-27 04:51:30,98.52830804813854
2023-05-27 04:52:00,76.30946058855292
2023-05-27 04:52:30,82.59242516025253
2023-05-27 04:53:00,78.93688214123175
2023-05-27 04:53:30,75.79539987311365
2023-05-27 04:54:00,90.26525766708112
2023-05-27 04:54:30,71.54011931728361
2023-05-27 04:55:00,60.13558666810811
2023-05-27 04:55:30,76.7473642161295
2023-05-27 04:56:00,82.74473944236823
2023-05-27 04:56:30,55.88982577485849
2023-05-27 04:57:00,71.80666930212023
2023-05-27 05:06:30,85.06753243081566
2023-05-27 05:08:30,79.94596431787632
2023-05-27 05:09:00,74.47216946965727
2023-05-27 05:09:30,103.05013862426861
2023-05-27 05:24:00,92.80700243385338
2023-05-27 05:24:30,127.2205129054708
2023-05-27 05:25:00,113.16951941391908
2023-05-27 05:25:30,85.11513063732741
2023-05-27 05:33:30,110.25650858670625
2023-05-27 05:34:00,96.23407397650547
2023-05-27 05:34:30,119.69999471622134
2023-05-27 05:35:00,121.24217689800258
2023-05-27 05:35:30,111.07519790184035
2023-05-27 05:36:00,102.82166714789992
2023-05-27 05:36:30,104.4971243575629
2023-05-27 05:37:00,118.1292535821623
2023-05-27 22:58:30,2.113360801776116
2023-05-27 22:59:00,-6.9398199421375955
2023-05-27 22:59:30,-12.18514338491482
2023-05-27 23:00:00,-10.443048679042688
2023-05-27 23:00:30,-4.816939477781067
2023-05-27 23:01:00,0.456942881810528
2023-05-27 23:01:30,3.5032287369050916
2023-05-27 23:02:00,0.09519644848695784
2023-05-27 23:02:30,5.1310877400563095
2023-05-27 23:03:00,1.7611339955695242
2023-05-27 23:03:30,1.0281215018054053
2023-05-27 23:04:00,6.140169916700889
2023-05-27 23:04:30,9.16741648209806
2023-05-27 23:05:00,17.201995422250214
2023-05-27 23:05:30,-3.51274836402207
2023-05-27 23:06:00,6.235366365187846
2023-05-27 23:06:30,-4.445673417340518
2023-05-27 23:07:00,-5.692746697470774
2023-05-27 23:07:30,-12.604007722794
2023-05-27 23:08:00,-9.015102199982364
2023-05-27 23:08:30,-5.806982400191689
2023-05-27 23:09:00,-10.404970099647905
2023-05-27 23:09:30,-3.7221805506933774
2023-05-27 23:10:00,2.7130983385853638
2023-05-27 23:10:30,9.357809343608542
2023-05-27 23:11:00,8.967503993470602
2023-05-27 23:11:30,9.224534351190234
2023-05-27 23:12:00,-5.331000264147204
2023-05-27 23:12:30,-8.539120028474443
2023-05-27 23:13:00,-12.575448770516195
2023-05-27 23:13:30,-7.777548546969085
2023-05-27 23:14:00,-5.4261966771707275
2023-05-27 23:14:30,2.2751947464722266
2023-05-27 23:15:00,9.453005756632066
2023-05-27 23:15:30,-4.445673417340518
2023-05-27 23:16:00,-9.833791515116461
2023-05-27 23:16:30,-13.289422045509792
2023-05-27 23:17:00,-14.698329234872723
2023-05-27 23:17:30,-11.46165051826768
2023-05-27 23:18:00,-7.834666451524694
2023-05-27 23:18:30,-0.5045410883222896
2023-05-27 23:19:00,-6.197287750329629
2023-05-27 23:19:30,-7.063575307438923
2023-05-27 23:20:00,-10.090821872836097
2023-05-27 23:20:30,-10.633441540553168
2023-05-27 23:21:00,-12.7087237629345
2023-05-27 23:21:30,-16.7545722030201
2023-05-27 23:22:00,-13.765404181554278
2023-05-27 23:22:30,-9.681477233000763
2023-05-27 23:23:00,-8.063137892429959
2023-05-27 23:23:30,-8.605757524683597
2023-05-27 23:24:00,-7.77754858243252
2023-05-27 23:24:30,-6.482877060327067
2023-05-27 23:25:00,-12.31841841279656
2023-05-27 23:25:30,-8.862787917866665
2023-05-27 23:26:00,-6.816064576836268
2023-05-27 23:26:30,0.485501798624898
2023-05-27 23:27:00,-1.1613964942237116
2023-05-27 23:27:30,-7.967941443943001
2023-05-27 23:28:00,-12.527850564004433
2023-05-27 23:28:30,-14.87920243380279
2023-05-27 23:29:00,-9.98610579723216
2023-05-27 23:29:30,-9.024621862562777
2023-05-27 23:30:00,-10.243136190415226
2023-05-27 23:30:30,-14.698329234872723
2023-05-27 23:31:00,-20.448193801435675
2023-05-27 23:31:30,-14.18426848397002
2023-05-27 23:32:00,-12.737282715212306
2023-05-27 23:32:30,-9.95754688041779
2023-05-27 23:33:00,-5.483314510799467
2023-05-27 23:33:30,-1.14235720452632
2023-05-27 23:34:00,-7.149252128808903
2023-05-27 23:34:30,-7.996500360757371
2023-05-27 23:35:00,-6.054493130794344
2023-05-27 23:35:30,-10.65248083025056
2023-05-27 23:36:00,-12.432654115517476
2023-05-27 23:36:30,-13.41317741081112
2023-05-27 23:37:00,-10.233616527834814
2023-05-27 23:37:30,-8.215452174545655
2023-05-27 23:38:00,-4.959734168243221
2023-05-27 23:38:30,-9.824271887999483
2023-05-27 23:39:00,-9.65291828072296
2023-05-27 23:39:30,-10.052743293441312
2023-05-27 23:40:00,-17.687497256338546
2023-05-27 23:40:30,-19.877015181440797
2023-05-27 23:41:00,-18.38243120617132
2023-05-27 23:41:30,-18.29675438480134
2023-05-27 23:42:00,-17.63989901436335
2023-05-27 23:42:30,-12.984793445814962
2023-05-27 23:43:00,-15.497979295772865
2023-05-27 23:43:30,-9.081739696191518
2023-05-27 23:44:00,-14.003395285039954
2023-05-27 23:44:30,-19.524788375234206
2023-05-27 23:45:00,-23.008977822441903
2023-05-27 23:45:30,-14.441298841689655
2023-05-27 23:46:00,-11.395013022058526
2023-05-27 23:46:30,-4.226721603552232
2023-05-27 23:47:00,-9.357809343608542
2023-05-27 23:47:30,-11.880514820683423
2023-05-27 23:48:00,-13.755884554437298
2023-05-27 23:48:30,-18.230116888592185
2023-05-27 23:49:00,-13.96531670564517
2023-05-27 23:49:30,-15.707411446980739
2023-05-27 23:50:00,-10.538245092066209
2023-05-27 23:50:30,-7.844186078641673
2023-05-27 23:51:00,0.971003597249796
2023-05-27 23:51:30,-0.19039286151048088
2023-05-27 23:52:00,-4.436153754760105
2023-05-27 23:52:30,-15.28854710910156
2023-05-27 23:53:00,-14.774486358198855
2023-05-27 23:53:30,-16.545140051812226
2023-05-27 23:54:00,-14.089072035483063
2023-05-27 23:54:30,-11.385493359478113
2023-05-27 23:55:00,-10.833354029180628
2023-05-27 23:55:30,-11.613964835846813
2023-05-27 23:56:00,-13.908198836552994
2023-05-27 23:56:30,-16.545140016348792
2023-05-27 23:57:00,-13.727325602159492
2023-05-27 23:57:30,-13.175186307325442
2023-05-27 23:58:00,-9.129337902703279
2023-05-27 23:58:30,-8.03457890468872
2023-05-27 23:59:00,-13.803482796412494
2023-05-27 23:59:30,-17.868370455268614
