Time(UTC),TEC(TECU)
18-05-23 00:00,29.815523
18-05-23 00:01,29.291942
18-05-23 00:02,30.215348
18-05-23 00:03,21.695267
18-05-23 00:04,29.282423
18-05-23 00:05,28.558930
18-05-23 00:06,33.899450
18-05-23 00:07,32.966525
18-05-23 00:08,26.293255
18-05-23 00:09,23.665833
18-05-23 00:10,31.386264
18-05-23 00:11,28.063908
18-05-23 00:12,29.767925
18-05-23 00:13,31.034037
18-05-23 00:14,31.081635
18-05-23 00:15,29.587051
18-05-23 00:16,28.235262
18-05-23 00:17,31.890805
18-05-23 00:18,38.116652
18-05-23 00:19,30.453339
18-05-23 00:20,32.661896
18-05-23 00:21,34.546785
18-05-23 00:22,33.889930
18-05-23 00:23,35.536828
18-05-23 00:24,43.019268
18-05-23 00:25,35.346436
18-05-23 00:26,33.499625
18-05-23 00:27,35.451152
18-05-23 00:28,37.669229
18-05-23 00:29,34.289755
18-05-23 00:30,32.576219
18-05-23 00:31,35.479711
18-05-23 00:32,33.899450
18-05-23 00:33,38.783027
18-05-23 00:34,47.398304
18-05-23 00:35,45.189747
18-05-23 00:36,45.541974
18-05-23 00:37,48.740574
18-05-23 00:38,53.167208
18-05-23 00:39,46.808086
18-05-23 00:40,48.512102
18-05-23 00:41,46.360663
18-05-23 00:42,29.244344
18-05-23 00:43,28.311419
18-05-23 00:44,50.539786
18-05-23 00:45,78.441861
18-05-23 00:46,71.663875
18-05-23 00:47,32.576219
18-05-23 00:48,39.535079
18-05-23 00:49,38.126171
18-05-23 00:50,38.935341
18-05-23 00:51,30.424780
18-05-23 00:52,38.725909
18-05-23 00:53,41.439007
18-05-23 00:54,41.515164
18-05-23 00:55,39.763550
18-05-23 00:56,32.204953
18-05-23 00:57,37.488355
18-05-23 00:58,35.879536
18-05-23 00:59,40.410886
18-05-23 01:00,39.582677
18-05-23 01:01,36.869578
18-05-23 01:02,41.105820
18-05-23 01:03,41.458047
18-05-23 01:04,39.944423
18-05-23 01:05,35.508269
18-05-23 01:06,39.630275
18-05-23 01:07,38.021455
18-05-23 01:08,47.331666
18-05-23 01:09,38.383202
18-05-23 01:10,41.534204
18-05-23 01:11,45.970357
18-05-23 01:12,39.239970
18-05-23 01:13,43.352456
18-05-23 01:14,43.904595
18-05-23 01:15,43.542848
18-05-23 01:16,52.196204
18-05-23 01:17,45.046952
18-05-23 01:18,41.153418
18-05-23 01:19,43.733241
18-05-23 01:20,55.014019
18-05-23 01:21,54.043015
18-05-23 01:22,46.274986
18-05-23 01:23,48.531141
18-05-23 01:24,50.615943
18-05-23 01:25,46.322584
18-05-23 01:26,48.807211
18-05-23 01:27,47.855247
18-05-23 01:28,52.824501
18-05-23 01:29,49.207036
18-05-23 01:30,55.985022
18-05-23 01:31,47.322147
18-05-23 01:32,52.748343
18-05-23 01:33,58.364933
18-05-23 01:34,57.279694
18-05-23 01:35,54.623713
18-05-23 01:36,44.609048
18-05-23 01:37,48.712015
18-05-23 01:38,51.329917
18-05-23 01:39,50.958651
18-05-23 01:40,61.363621
18-05-23 01:41,53.281443
18-05-23 01:42,52.510352
18-05-23 01:43,60.621088
18-05-23 01:44,56.527642
18-05-23 01:45,48.816731
18-05-23 01:46,53.167208
18-05-23 01:47,53.395679
18-05-23 01:48,50.730179
18-05-23 01:49,56.318210
18-05-23 01:50,53.624151
18-05-23 01:51,64.076719
18-05-23 01:52,69.236366
18-05-23 01:53,55.699433
18-05-23 01:54,74.281777
18-05-23 01:55,55.785110
18-05-23 01:56,69.074532
18-05-23 01:57,73.577323
18-05-23 01:58,66.428071
18-05-23 01:59,59.069387
18-05-23 02:00,58.869474
18-05-23 02:01,62.486939
18-05-23 02:02,74.653043
18-05-23 02:03,65.742657
18-05-23 02:04,62.534537
18-05-23 02:05,66.704141
18-05-23 02:06,73.472607
18-05-23 02:07,72.844310
18-05-23 02:08,67.951214
18-05-23 02:09,67.360996
18-05-23 02:10,67.779860
18-05-23 02:11,62.477419
18-05-23 02:12,69.836103
18-05-23 02:13,69.912260
18-05-23 02:14,68.589030
18-05-23 02:15,63.448423
18-05-23 02:16,66.780298
18-05-23 02:17,62.220389
18-05-23 02:18,69.103091
18-05-23 02:19,68.874619
18-05-23 02:20,70.892784
18-05-23 02:21,70.302566
18-05-23 02:22,64.762133
18-05-23 02:23,70.416801
18-05-23 02:24,73.320293
18-05-23 02:25,71.587718
18-05-23 02:26,73.282214
18-05-23 02:27,70.902303
18-05-23 02:28,76.899678
18-05-23 02:29,69.645710
18-05-23 02:30,68.865100
18-05-23 02:31,81.402470
18-05-23 02:32,67.789380
18-05-23 02:33,72.206494
18-05-23 02:34,70.293046
18-05-23 02:35,66.761258
18-05-23 02:36,76.994875
18-05-23 02:37,67.418114
18-05-23 02:38,79.774611
18-05-23 02:39,94.615735
18-05-23 02:40,78.070595
18-05-23 02:41,82.687622
18-05-23 02:42,88.837311
18-05-23 02:43,74.376973
18-05-23 02:44,75.728762
18-05-23 02:45,68.779423
18-05-23 02:46,86.295566
18-05-23 02:47,78.546577
18-05-23 02:48,88.199495
18-05-23 02:49,82.954172
18-05-23 02:50,87.790150
18-05-23 02:51,85.657750
18-05-23 02:52,67.237241
18-05-23 02:53,68.788942
18-05-23 02:54,99.356517
18-05-23 02:55,95.082197
18-05-23 02:56,82.668582
18-05-23 02:57,103.345248
18-05-23 02:58,102.545598
18-05-23 02:59,77.289984
18-05-23 03:00,90.331895
18-05-23 03:01,103.497562
18-05-23 03:02,86.790588
18-05-23 03:03,53.528954
18-05-23 03:04,50.406511
18-05-23 03:05,55.499520
18-05-23 03:06,58.088863
18-05-23 03:07,60.659167
18-05-23 03:08,55.223451
18-05-23 03:09,56.261092
18-05-23 03:10,56.061179
18-05-23 03:11,54.395242
18-05-23 03:12,53.376640
18-05-23 03:13,54.214369
18-05-23 03:14,54.604674
18-05-23 03:15,54.538036
18-05-23 03:16,53.833583
18-05-23 03:17,56.565720
18-05-23 03:18,54.395242
18-05-23 03:19,53.167208
18-05-23 03:20,55.851747
18-05-23 03:21,54.004936
18-05-23 03:22,51.843977
18-05-23 03:23,55.356726
18-05-23 03:24,54.385722
18-05-23 03:25,53.652710
18-05-23 03:26,91.302899
18-05-23 03:27,86.866745
18-05-23 03:28,84.477315
18-05-23 03:29,72.149376
18-05-23 03:30,62.496458
18-05-23 03:31,61.239865
18-05-23 03:32,64.885889
18-05-23 03:33,61.972878
18-05-23 03:34,65.971128
18-05-23 03:35,58.898033
18-05-23 03:36,63.676894
18-05-23 03:37,62.848685
18-05-23 03:38,56.737074
18-05-23 03:39,54.242927
18-05-23 03:40,61.772965
18-05-23 03:41,73.920030
18-05-23 03:42,72.168416
18-05-23 03:43,64.124317
18-05-23 03:44,60.297421
18-05-23 03:45,63.876806
18-05-23 03:46,66.009207
18-05-23 03:47,64.828771
18-05-23 03:48,72.225534
18-05-23 03:49,68.617589
18-05-23 03:50,62.915323
18-05-23 03:51,85.029454
18-05-23 03:52,87.000020
18-05-23 03:53,78.889284
18-05-23 03:54,75.481252
18-05-23 03:55,82.030766
18-05-23 03:56,80.450505
18-05-23 03:57,80.022121
18-05-23 03:58,86.647793
18-05-23 03:59,82.744739
18-05-23 04:00,84.496354
18-05-23 04:01,101.022455
18-05-23 04:02,114.426112
18-05-23 04:03,117.929341
18-05-23 04:04,106.810398
18-05-23 04:05,69.645710
18-05-23 04:06,65.438028
18-05-23 04:07,67.932175
18-05-23 04:08,65.618901
18-05-23 04:09,69.017414
18-05-23 04:10,67.399074
18-05-23 04:11,65.990167
18-05-23 04:12,68.036891
18-05-23 04:13,73.405969
18-05-23 04:14,72.415927
18-05-23 04:15,74.434091
18-05-23 04:16,71.340207
18-05-23 04:17,76.271382
18-05-23 04:18,77.032953
18-05-23 04:19,73.263175
18-05-23 04:20,73.843873
18-05-23 04:21,72.339769
18-05-23 04:22,72.120818
18-05-23 04:23,76.185705
18-05-23 04:24,76.185705
18-05-23 04:25,71.368766
18-05-23 04:26,109.352142
18-05-23 04:27,103.440444
18-05-23 04:28,94.977481
18-05-23 04:29,93.387701
18-05-23 04:30,90.588926
18-05-23 04:31,85.495916
18-05-23 04:32,87.485522
18-05-23 04:33,95.529620
18-05-23 04:34,100.993896
18-05-23 04:35,97.462108
18-05-23 04:36,88.875390
18-05-23 04:37,85.800545
18-05-23 04:38,95.405865
18-05-23 04:39,100.974856
18-05-23 04:40,94.929883
18-05-23 04:41,95.339228
18-05-23 04:42,95.767611
18-05-23 04:43,98.214160
18-05-23 04:44,102.678873
18-05-23 04:45,101.917301
18-05-23 04:46,93.930320
18-05-23 04:47,106.972232
18-05-23 04:48,99.842019
18-05-23 04:49,94.720451
18-05-23 04:50,95.672415
18-05-23 04:51,96.215035
18-05-23 04:52,101.079572
18-05-23 04:53,107.533891
18-05-23 04:54,108.533453
18-05-23 04:55,99.527871
18-05-23 04:56,100.156167
18-05-23 04:57,100.089530
18-05-23 04:58,101.079572
18-05-23 04:59,106.353455
18-05-23 05:00,117.015455
18-05-23 05:01,110.446901
18-05-23 05:02,103.887867
18-05-23 05:03,107.914676
18-05-23 05:04,112.674498
18-05-23 05:05,115.796941
18-05-23 05:06,116.082530
18-05-23 05:07,116.063491
18-05-23 05:08,115.892137
18-05-23 05:09,112.093800
18-05-23 05:10,112.284193
18-05-23 05:11,122.298857
18-05-23 05:12,121.689600
18-05-23 05:13,113.912052
18-05-23 05:14,123.193704
18-05-23 05:15,119.214493
18-05-23 05:16,113.064803
18-05-23 05:17,112.579302
18-05-23 05:18,102.079135
18-05-23 05:19,117.719909
18-05-23 05:20,120.728116
18-05-23 05:21,134.998061
18-05-23 05:22,107.467253
18-05-23 05:23,112.664978
18-05-23 05:24,110.266028
18-05-23 05:25,96.405428
18-05-23 05:26,126.706452
18-05-23 05:27,106.953192
18-05-23 05:28,108.790484
18-05-23 05:29,87.561679
18-05-23 05:30,78.537057
18-05-23 05:31,93.083072
18-05-23 05:32,87.523600
18-05-23 05:33,100.222805
18-05-23 05:34,105.953630
18-05-23 05:35,94.234949
18-05-23 05:36,88.047181
18-05-23 05:37,102.269528
18-05-23 05:38,85.305523
18-05-23 05:39,80.250593
18-05-23 05:40,80.907448
18-05-23 05:41,93.044994
18-05-23 05:42,108.447776
18-05-23 05:43,102.764549
18-05-23 05:44,100.898699
18-05-23 05:45,96.348310
18-05-23 05:46,97.966649
18-05-23 05:47,109.828125
18-05-23 05:48,99.318438
18-05-23 05:49,92.254863
18-05-23 05:50,112.398428
18-05-23 05:51,102.621755
18-05-23 05:52,109.942360
18-05-23 05:53,119.880868
18-05-23 05:54,124.707327
18-05-23 05:55,135.416926
18-05-23 05:56,138.558408
18-05-23 05:57,127.477543
18-05-23 05:58,108.219305
18-05-23 05:59,110.151792
18-05-23 06:00,102.478960
18-05-23 06:01,128.239115
18-05-23 06:02,135.940506
18-05-23 06:03,122.822438
18-05-23 06:04,150.952984
18-05-23 06:05,103.897387
18-05-23 06:06,93.302024
18-05-23 06:07,96.386388
18-05-23 06:08,113.378952
18-05-23 06:09,142.728012
18-05-23 06:10,137.397012
18-05-23 06:11,153.704161
18-05-23 06:12,148.049492
18-05-23 06:13,146.954733
18-05-23 06:14,135.778672
18-05-23 06:15,97.804815
18-05-23 06:16,97.481147
18-05-23 06:17,104.801753
18-05-23 06:18,102.526558
18-05-23 06:19,106.239219
18-05-23 06:20,100.832062
18-05-23 06:21,112.674498
18-05-23 06:22,105.411010
18-05-23 06:23,107.581489
18-05-23 06:24,117.796066
18-05-23 06:25,142.423383
18-05-23 06:26,144.470107
18-05-23 06:27,173.276547
18-05-23 06:28,144.993687
18-05-23 06:29,131.837540
18-05-23 06:30,115.025850
18-05-23 06:31,111.313189
18-05-23 06:32,117.710389
18-05-23 06:33,112.379389
18-05-23 06:34,122.584447
18-05-23 06:35,111.141835
18-05-23 06:36,113.959650
18-05-23 06:37,113.064803
18-05-23 06:38,113.455109
18-05-23 06:39,117.348643
18-05-23 06:40,119.081218
18-05-23 06:41,117.348643
18-05-23 06:42,123.717284
18-05-23 06:43,126.420863
18-05-23 06:44,125.211868
18-05-23 06:45,126.563658
18-05-23 06:46,120.775714
18-05-23 06:47,132.323042
18-05-23 06:48,129.571865
18-05-23 06:49,127.944006
18-05-23 06:50,140.052992
18-05-23 06:51,139.405656
18-05-23 06:52,134.741031
18-05-23 06:53,131.018851
18-05-23 06:54,134.046097
18-05-23 06:55,130.019288
18-05-23 06:56,133.113172
18-05-23 06:57,143.042160
18-05-23 06:58,142.166353
18-05-23 06:59,147.078489
18-05-23 07:00,145.688621
18-05-23 07:01,163.595070
18-05-23 07:02,161.586425
18-05-23 07:03,162.785900
18-05-23 07:04,143.099278
18-05-23 07:05,146.488271
18-05-23 07:06,163.499873
18-05-23 07:07,162.357516
18-05-23 07:08,163.537952
18-05-23 07:09,165.698911
18-05-23 07:10,166.822229
18-05-23 07:11,165.689391
18-05-23 07:12,164.023454
18-05-23 07:13,165.765549
18-05-23 07:14,204.624732
18-05-23 07:15,198.513121
18-05-23 07:16,180.730428
18-05-23 07:17,162.043368
18-05-23 07:18,187.346580
18-05-23 07:19,170.468252
18-05-23 07:20,186.870598
18-05-23 07:21,184.500207
18-05-23 07:22,174.437944
18-05-23 07:23,142.747051
18-05-23 07:24,145.650542
18-05-23 07:25,144.165478
18-05-23 07:26,144.232115
18-05-23 07:27,138.168103
18-05-23 07:28,139.300940
18-05-23 07:29,138.767840
18-05-23 07:30,140.433778
18-05-23 07:31,135.102778
18-05-23 07:32,137.073344
18-05-23 07:33,142.394824
18-05-23 07:34,136.930549
18-05-23 07:35,135.512122
18-05-23 07:36,137.825396
18-05-23 07:37,132.370640
18-05-23 07:38,135.797711
18-05-23 07:39,130.542868
18-05-23 07:40,127.934486
18-05-23 07:41,126.344706
18-05-23 07:42,121.622963
18-05-23 07:43,125.944881
18-05-23 07:44,125.230907
18-05-23 07:45,120.994666
18-05-23 07:46,122.993791
18-05-23 07:47,124.793004
18-05-23 07:48,120.947068
18-05-23 07:49,122.613006
18-05-23 07:50,129.457629
18-05-23 07:51,130.866536
18-05-23 07:52,123.212743
18-05-23 07:53,118.624275
18-05-23 07:54,118.100695
18-05-23 07:55,117.301045
18-05-23 07:56,123.793441
18-05-23 07:57,127.287150
18-05-23 07:58,122.336936
18-05-23 07:59,115.644627
18-05-23 08:00,121.232657
18-05-23 08:01,118.595716
18-05-23 08:02,116.767945
18-05-23 08:03,121.480168
18-05-23 08:04,128.239115
18-05-23 08:05,135.835790
18-05-23 08:06,137.806356
18-05-23 08:07,127.610818
18-05-23 08:08,139.624608
18-05-23 08:09,132.599111
18-05-23 08:10,121.394491
18-05-23 08:11,119.119296
18-05-23 08:12,116.330041
18-05-23 08:13,124.297982
18-05-23 08:14,118.167332
18-05-23 08:15,115.082968
18-05-23 08:16,123.127066
18-05-23 08:17,123.098507
18-05-23 08:18,140.281464
18-05-23 08:19,151.533682
18-05-23 08:20,141.661812
18-05-23 08:21,140.643210
18-05-23 08:22,157.407302
18-05-23 08:23,161.139002
18-05-23 08:24,132.856142
18-05-23 08:25,130.704702
18-05-23 08:26,143.470544
18-05-23 08:27,143.937006
18-05-23 08:28,140.681289
18-05-23 08:29,139.929237
18-05-23 08:30,140.966878
18-05-23 08:31,137.996749
18-05-23 08:32,142.547139
18-05-23 08:33,155.379618
18-05-23 08:34,145.736219
18-05-23 08:35,138.053867
18-05-23 08:36,145.907573
18-05-23 08:37,131.513872
18-05-23 08:38,130.780860
18-05-23 08:39,138.463212
18-05-23 08:40,150.895866
18-05-23 08:41,137.615963
18-05-23 08:42,144.451067
18-05-23 08:43,138.948713
18-05-23 08:44,134.369765
18-05-23 08:45,146.554908
18-05-23 08:46,136.340331
18-05-23 08:47,133.779547
18-05-23 08:48,134.664874
18-05-23 08:49,137.044785
18-05-23 08:50,126.773090
18-05-23 08:51,133.855704
18-05-23 08:52,142.385305
18-05-23 08:53,151.857350
18-05-23 08:54,145.241198
18-05-23 08:55,144.374910
18-05-23 08:56,131.913697
18-05-23 08:57,144.803294
18-05-23 08:58,144.327312
18-05-23 08:59,133.160770
18-05-23 09:00,168.307293
18-05-23 09:01,140.490896
18-05-23 09:02,131.656667
18-05-23 09:03,153.827916
18-05-23 09:04,153.113943
18-05-23 09:05,153.808877
18-05-23 09:06,143.708535
18-05-23 09:07,143.108798
18-05-23 09:08,137.473169
18-05-23 09:09,134.702953
18-05-23 09:10,145.526787
18-05-23 09:11,144.593862
18-05-23 09:12,144.498665
18-05-23 09:13,141.899803
18-05-23 09:14,138.310897
18-05-23 09:15,139.196224
18-05-23 09:16,136.111860
18-05-23 09:17,130.457192
18-05-23 09:18,138.843997
18-05-23 09:19,130.295358
18-05-23 09:20,149.268007
18-05-23 09:21,157.845205
18-05-23 09:22,169.373493
18-05-23 09:23,172.648251
18-05-23 09:24,153.647043
18-05-23 09:25,130.247759
18-05-23 09:26,139.872119
18-05-23 09:27,139.348538
18-05-23 09:28,143.432465
18-05-23 09:29,138.215701
18-05-23 09:30,128.886450
18-05-23 09:31,123.479293
18-05-23 09:32,126.754050
18-05-23 09:33,130.571427
18-05-23 09:34,134.246010
18-05-23 09:35,128.772215
18-05-23 09:36,125.316584
18-05-23 09:37,132.037452
18-05-23 09:38,138.863037
18-05-23 09:39,133.056054
18-05-23 09:40,132.475356
18-05-23 09:41,141.176310
18-05-23 09:42,139.101028
18-05-23 09:43,144.203557
18-05-23 09:44,146.364516
18-05-23 09:45,146.783380
18-05-23 09:46,141.414301
18-05-23 09:47,137.549326
18-05-23 09:48,133.122692
18-05-23 09:49,138.577447
18-05-23 09:50,129.314834
18-05-23 09:51,138.939194
18-05-23 09:52,137.920592
18-05-23 09:53,147.744864
18-05-23 09:54,150.448443
18-05-23 09:55,157.892804
18-05-23 09:56,154.741802
18-05-23 09:57,151.057700
18-05-23 09:58,156.541014
18-05-23 09:59,145.564866
18-05-23 10:00,145.022246
18-05-23 10:01,156.721887
18-05-23 10:02,131.352038
18-05-23 10:03,128.619900
18-05-23 10:04,139.529412
18-05-23 10:05,156.055512
18-05-23 10:06,168.145459
18-05-23 10:07,167.088779
18-05-23 10:08,170.192183
18-05-23 10:09,156.788525
18-05-23 10:10,151.981105
18-05-23 10:11,175.361349
18-05-23 10:12,127.696495
18-05-23 10:13,126.639815
18-05-23 10:14,125.383222
18-05-23 10:15,127.801211
18-05-23 10:16,116.196766
18-05-23 10:17,135.359808
18-05-23 10:18,131.980335
18-05-23 10:19,131.228283
18-05-23 10:20,126.706452
18-05-23 10:21,118.233970
18-05-23 10:22,130.533349
18-05-23 10:23,123.536411
18-05-23 10:24,136.959108
18-05-23 10:25,122.536848
18-05-23 10:26,126.915884
18-05-23 10:27,122.384534
18-05-23 10:28,126.754050
18-05-23 10:29,128.086800
18-05-23 10:30,129.762258
18-05-23 10:31,106.743760
18-05-23 10:32,119.100257
18-05-23 10:33,147.735344
18-05-23 10:34,150.772110
18-05-23 10:35,154.922675
18-05-23 10:36,143.584780
18-05-23 10:37,161.805377
18-05-23 10:38,141.937881
18-05-23 10:39,141.538056
18-05-23 10:40,144.936569
18-05-23 10:41,141.585655
18-05-23 10:42,139.015351
18-05-23 10:43,140.386180
18-05-23 10:44,126.011518
18-05-23 10:45,132.389679
18-05-23 10:46,148.182767
18-05-23 10:47,140.881201
18-05-23 10:48,145.650542
18-05-23 10:49,157.902323
18-05-23 10:50,119.899907
18-05-23 10:51,141.975960
18-05-23 10:52,137.806356
18-05-23 10:53,133.360683
18-05-23 10:54,130.104965
18-05-23 10:55,139.386617
18-05-23 10:56,125.040515
18-05-23 10:57,124.850122
18-05-23 10:58,127.848809
18-05-23 10:59,118.148293
18-05-23 11:00,128.277193
18-05-23 11:01,134.331686
18-05-23 11:02,142.299628
18-05-23 11:03,149.763028
18-05-23 11:04,133.446360
18-05-23 11:05,137.454129
18-05-23 11:06,122.375014
18-05-23 11:07,132.256404
18-05-23 11:08,125.706890
18-05-23 11:09,128.477106
18-05-23 11:10,126.620775
18-05-23 11:11,119.309689
18-05-23 11:12,118.195891
18-05-23 11:13,119.966545
18-05-23 11:14,122.927154
18-05-23 11:15,131.371077
18-05-23 11:16,122.936673
18-05-23 11:17,123.603048
18-05-23 11:18,125.335624
18-05-23 11:19,136.368890
18-05-23 11:20,140.500415
18-05-23 11:21,133.684351
18-05-23 11:22,128.876931
18-05-23 11:23,131.713785
18-05-23 11:24,153.237698
18-05-23 11:25,140.033953
18-05-23 11:26,147.592550
18-05-23 11:27,131.494833
18-05-23 11:28,128.905490
18-05-23 11:29,130.942693
18-05-23 11:30,133.465399
18-05-23 11:31,133.094133
18-05-23 11:32,128.400949
18-05-23 11:33,128.467586
18-05-23 11:34,125.649772
18-05-23 11:35,133.170290
18-05-23 11:36,127.601299
18-05-23 11:37,131.885138
18-05-23 11:38,130.457192
18-05-23 11:39,126.706452
18-05-23 11:40,126.287588
18-05-23 11:41,131.628108
18-05-23 11:42,126.620775
18-05-23 11:43,132.827583
18-05-23 11:44,131.875618
18-05-23 11:45,133.617713
18-05-23 11:46,126.915884
18-05-23 11:47,124.945318
18-05-23 11:48,125.830645
18-05-23 11:49,125.973440
18-05-23 11:50,130.000249
18-05-23 11:51,125.468899
18-05-23 11:52,129.276756
18-05-23 11:53,125.583134
18-05-23 11:54,130.124004
18-05-23 11:55,132.608631
18-05-23 11:56,118.024537
18-05-23 11:57,127.839290
18-05-23 11:58,131.437715
18-05-23 11:59,126.430383
18-05-23 12:00,125.468899
18-05-23 12:01,131.390117
18-05-23 12:02,129.143481
18-05-23 12:03,131.818501
18-05-23 12:04,141.966440
18-05-23 12:05,147.097528
18-05-23 12:06,123.945756
18-05-23 12:07,119.614318
18-05-23 12:08,139.205744
18-05-23 12:09,131.666186
18-05-23 12:10,140.871681
18-05-23 12:11,148.515955
18-05-23 12:12,133.750988
18-05-23 12:13,117.462879
18-05-23 12:14,122.660604
18-05-23 12:15,131.237802
18-05-23 12:16,141.366703
18-05-23 12:17,123.536411
18-05-23 12:18,125.916322
18-05-23 12:19,118.452921
18-05-23 12:20,121.841914
18-05-23 12:21,119.804711
18-05-23 12:22,111.770132
18-05-23 12:23,119.071698
18-05-23 12:24,117.120171
18-05-23 12:25,118.595716
18-05-23 12:26,121.727679
18-05-23 12:27,112.550743
18-05-23 12:28,109.266466
18-05-23 12:29,117.481918
18-05-23 12:30,117.329604
18-05-23 12:31,115.577989
18-05-23 12:32,114.188121
18-05-23 12:33,111.475023
18-05-23 12:34,118.557638
18-05-23 12:35,119.081218
18-05-23 12:36,107.981314
18-05-23 12:37,105.963149
18-05-23 12:38,106.705682
18-05-23 12:39,113.045764
18-05-23 12:40,112.217555
18-05-23 12:41,104.106819
18-05-23 12:42,116.320521
18-05-23 12:43,113.655021
18-05-23 12:44,108.162187
18-05-23 12:45,107.438694
18-05-23 12:46,109.637732
18-05-23 12:47,108.885680
18-05-23 12:48,110.903844
18-05-23 12:49,111.751093
18-05-23 12:50,103.440444
18-05-23 12:51,105.134940
18-05-23 12:52,109.133191
18-05-23 12:53,106.819917
18-05-23 12:54,107.924196
18-05-23 12:55,114.359475
18-05-23 12:56,117.872223
18-05-23 12:57,106.829437
18-05-23 12:58,109.342623
18-05-23 12:59,103.040619
18-05-23 13:00,104.544723
18-05-23 13:01,107.048389
18-05-23 13:02,104.973107
18-05-23 13:03,106.962712
18-05-23 13:04,109.542535
18-05-23 13:05,102.060096
18-05-23 13:06,94.615735
18-05-23 13:07,107.267341
18-05-23 13:08,107.000791
18-05-23 13:09,110.056596
18-05-23 13:10,117.624712
18-05-23 13:11,120.823313
18-05-23 13:12,118.843227
18-05-23 13:13,120.433007
18-05-23 13:14,135.778672
18-05-23 13:15,131.437715
18-05-23 13:16,137.730199
18-05-23 13:17,133.322604
18-05-23 13:18,115.568470
18-05-23 13:19,118.405323
18-05-23 13:20,116.187246
18-05-23 13:21,116.130128
18-05-23 13:22,107.086467
18-05-23 13:23,102.260008
18-05-23 13:24,117.339123
18-05-23 13:25,120.747155
18-05-23 13:26,112.265153
18-05-23 13:27,108.019392
18-05-23 13:28,110.761050
18-05-23 13:29,114.226200
18-05-23 13:30,105.468128
18-05-23 13:31,123.346018
18-05-23 13:32,111.379826
18-05-23 13:33,96.157917
18-05-23 13:34,105.001665
18-05-23 13:35,99.318438
18-05-23 13:36,101.707869
18-05-23 13:37,102.507519
18-05-23 13:38,107.076948
18-05-23 13:39,99.994333
18-05-23 13:40,104.935028
18-05-23 13:41,97.852413
18-05-23 13:42,102.221930
18-05-23 13:43,109.771007
18-05-23 13:44,107.686205
18-05-23 13:45,90.236699
18-05-23 13:46,92.645168
18-05-23 13:47,90.941152
18-05-23 13:48,89.789275
18-05-23 13:49,97.319313
18-05-23 13:50,97.462108
18-05-23 13:51,90.874515
18-05-23 13:52,86.590675
18-05-23 13:53,95.748572
18-05-23 13:54,108.628650
18-05-23 13:55,94.596695
18-05-23 13:56,93.330583
18-05-23 13:57,95.253551
18-05-23 13:58,97.719138
18-05-23 13:59,98.118963
18-05-23 14:00,99.299399
18-05-23 14:01,92.549972
18-05-23 14:02,93.644731
18-05-23 14:03,98.661583
18-05-23 14:04,100.708306
18-05-23 14:05,95.796170
18-05-23 14:06,89.456088
18-05-23 14:07,85.181768
18-05-23 14:08,88.551722
18-05-23 14:09,88.266133
18-05-23 14:10,86.095654
18-05-23 14:11,88.980106
18-05-23 14:12,90.369974
18-05-23 14:13,85.353122
18-05-23 14:14,95.539140
18-05-23 14:15,84.953297
18-05-23 14:16,87.009540
18-05-23 14:17,85.410240
18-05-23 14:18,80.088759
18-05-23 14:19,82.440111
18-05-23 14:20,75.976273
18-05-23 14:21,81.478627
18-05-23 14:22,91.160104
18-05-23 14:23,79.079677
18-05-23 14:24,83.334957
18-05-23 14:25,78.727450
18-05-23 14:26,74.300816
18-05-23 14:27,82.811377
18-05-23 14:28,79.108236
18-05-23 14:29,72.996625
18-05-23 14:30,73.025184
18-05-23 14:31,76.204745
18-05-23 14:32,77.918280
18-05-23 14:33,72.396887
18-05-23 14:34,70.473919
18-05-23 14:35,69.750426
18-05-23 14:36,66.894533
18-05-23 14:37,67.427633
18-05-23 14:38,67.265799
18-05-23 14:39,64.257592
18-05-23 14:40,66.256717
18-05-23 14:41,68.312960
18-05-23 14:42,70.873744
18-05-23 14:43,62.534537
18-05-23 14:44,66.056805
18-05-23 14:45,69.026933
18-05-23 14:46,66.209119
18-05-23 14:47,63.943444
18-05-23 14:48,61.154188
18-05-23 14:49,60.687726
18-05-23 14:50,71.102216
18-05-23 14:51,60.468774
18-05-23 14:52,145.450630
18-05-23 14:53,61.687289
18-05-23 14:54,58.974190
18-05-23 14:55,67.932175
18-05-23 14:56,62.563096
18-05-23 14:57,58.688601
18-05-23 14:58,61.677769
18-05-23 14:59,64.019601
18-05-23 15:00,58.203099
18-05-23 15:01,60.773403
18-05-23 15:02,54.547556
18-05-23 15:03,56.165895
18-05-23 15:04,56.318210
18-05-23 15:05,59.002749
18-05-23 15:06,58.260217
18-05-23 15:07,53.624151
18-05-23 15:08,52.338999
18-05-23 15:09,64.628858
18-05-23 15:10,55.147294
18-05-23 15:11,55.946944
18-05-23 15:12,77.880202
18-05-23 15:13,85.077052
18-05-23 15:14,108.228825
18-05-23 15:15,92.150147
18-05-23 15:16,48.664416
18-05-23 15:17,59.716722
18-05-23 15:18,66.190080
18-05-23 15:19,48.454984
18-05-23 15:20,50.282756
18-05-23 15:21,50.063804
18-05-23 15:22,60.183185
18-05-23 15:23,53.928779
18-05-23 15:24,98.318876
18-05-23 15:25,84.382118
18-05-23 15:26,86.029016
18-05-23 15:27,92.492854
18-05-23 15:28,85.029454
18-05-23 15:29,85.724388
18-05-23 15:30,75.804920
18-05-23 15:31,96.433987
18-05-23 15:32,78.927362
18-05-23 15:33,88.827792
18-05-23 15:34,77.594612
18-05-23 15:35,83.887097
18-05-23 15:36,81.288234
18-05-23 15:37,84.753384
18-05-23 15:38,90.417572
18-05-23 15:39,89.056263
18-05-23 15:40,85.362641
18-05-23 15:41,86.904824
18-05-23 15:42,91.931195
18-05-23 15:43,95.272590
18-05-23 15:44,71.264050
18-05-23 15:45,81.802295
18-05-23 15:46,83.382556
18-05-23 15:47,91.426654
18-05-23 15:48,70.226409
18-05-23 15:49,94.682372
18-05-23 15:50,98.594946
18-05-23 15:51,79.041598
18-05-23 15:52,70.759509
18-05-23 15:53,76.233303
18-05-23 15:54,94.872765
18-05-23 15:55,72.235053
18-05-23 15:56,80.517143
18-05-23 15:57,72.101778
18-05-23 15:58,73.063262
18-05-23 15:59,90.474690
18-05-23 16:00,64.552701
18-05-23 16:01,88.542202
18-05-23 16:02,78.803607
18-05-23 16:03,66.942132
18-05-23 16:04,78.994000
18-05-23 16:05,80.145877
18-05-23 16:06,69.283964
18-05-23 16:07,69.255405
18-05-23 16:08,58.422051
18-05-23 16:09,71.235491
18-05-23 16:10,77.632691
18-05-23 16:11,78.736970
18-05-23 16:12,82.440111
18-05-23 16:13,68.941257
18-05-23 16:14,72.415927
18-05-23 16:15,57.841353
18-05-23 16:16,86.209890
18-05-23 16:17,67.836978
18-05-23 16:18,51.206161
18-05-23 16:19,55.689913
18-05-23 16:20,62.867724
18-05-23 16:21,53.709827
18-05-23 16:22,59.412094
18-05-23 16:23,55.613756
18-05-23 16:24,44.713764
18-05-23 16:25,59.916635
18-05-23 16:26,56.813231
18-05-23 16:27,57.784235
18-05-23 16:28,57.774715
18-05-23 16:29,56.746594
18-05-23 16:30,54.357163
18-05-23 16:31,56.613319
18-05-23 16:32,57.384410
18-05-23 16:33,62.258467
18-05-23 16:34,56.832270
18-05-23 16:35,51.015768
18-05-23 16:36,57.784235
18-05-23 16:37,59.526329
18-05-23 16:38,47.636295
18-05-23 16:39,48.131316
18-05-23 16:40,63.724492
18-05-23 16:41,55.366245
18-05-23 16:42,62.477419
18-05-23 16:43,55.213931
18-05-23 16:44,56.013581
18-05-23 16:45,53.890701
18-05-23 16:46,61.944319
18-05-23 16:47,72.815752
18-05-23 16:48,83.201682
18-05-23 16:49,61.630171
18-05-23 16:50,73.320293
18-05-23 16:51,69.512435
18-05-23 16:52,67.113485
18-05-23 16:53,56.594279
18-05-23 16:54,68.170166
18-05-23 16:55,57.622401
18-05-23 16:56,54.252447
18-05-23 16:57,63.077156
18-05-23 16:58,55.185372
18-05-23 16:59,91.550410
18-05-23 17:00,61.335062
18-05-23 17:01,56.956026
18-05-23 17:02,56.346769
18-05-23 17:03,56.194454
18-05-23 17:04,64.990605
18-05-23 17:05,50.454109
18-05-23 17:06,53.290963
18-05-23 17:07,54.547556
18-05-23 17:08,53.814544
18-05-23 17:09,46.665291
18-05-23 17:10,49.026163
18-05-23 17:11,55.689913
18-05-23 17:12,54.557076
18-05-23 17:13,52.786422
18-05-23 17:14,47.407824
18-05-23 17:15,47.798129
18-05-23 17:16,45.237345
18-05-23 17:17,41.039182
18-05-23 17:18,44.266341
18-05-23 17:19,48.321709
18-05-23 17:20,51.463192
18-05-23 17:21,58.764758
18-05-23 17:22,57.270174
18-05-23 17:23,46.046515
18-05-23 17:24,51.263279
18-05-23 17:25,43.304857
18-05-23 17:26,53.519435
18-05-23 17:27,51.863017
18-05-23 17:28,51.701183
18-05-23 17:29,47.883806
18-05-23 17:30,49.511665
18-05-23 17:31,44.209223
18-05-23 17:32,46.094113
18-05-23 17:33,39.344686
18-05-23 17:34,52.015331
18-05-23 17:35,49.092800
18-05-23 17:36,42.086343
18-05-23 17:37,53.014893
18-05-23 17:38,39.344686
18-05-23 17:39,44.352018
18-05-23 17:40,46.655772
18-05-23 17:41,38.135691
18-05-23 17:42,47.436383
18-05-23 17:43,40.448964
18-05-23 17:44,48.140836
18-05-23 17:45,36.069928
18-05-23 17:46,39.220930
18-05-23 17:47,39.934904
18-05-23 17:48,47.055597
18-05-23 17:49,42.048264
18-05-23 17:50,44.085468
18-05-23 17:51,46.551056
18-05-23 17:52,45.104070
18-05-23 17:53,37.107570
18-05-23 17:54,40.867829
18-05-23 17:55,44.123547
18-05-23 17:56,42.038745
18-05-23 17:57,35.765300
18-05-23 17:58,42.076823
18-05-23 17:59,32.623818
18-05-23 18:00,50.711140
18-05-23 18:01,39.849227
18-05-23 18:02,43.323897
18-05-23 18:03,40.582239
18-05-23 18:04,41.201016
18-05-23 18:05,45.027913
18-05-23 18:06,41.486605
18-05-23 18:07,42.210098
18-05-23 18:08,42.438570
18-05-23 18:09,59.764321
18-05-23 18:10,45.380140
18-05-23 18:11,39.877786
18-05-23 18:12,39.411323
18-05-23 18:13,62.924842
18-05-23 18:14,60.421176
18-05-23 18:15,56.718035
18-05-23 18:16,49.245115
18-05-23 18:17,43.942673
18-05-23 18:18,39.982502
18-05-23 18:19,54.814106
18-05-23 18:20,58.793317
18-05-23 18:21,48.359788
18-05-23 18:22,39.011498
18-05-23 18:23,39.906345
18-05-23 18:24,57.470087
18-05-23 18:25,57.746156
18-05-23 18:26,44.304420
18-05-23 18:27,45.418218
18-05-23 18:28,41.838832
18-05-23 18:29,35.137003
18-05-23 18:30,39.116214
18-05-23 18:31,53.938299
18-05-23 18:32,45.656209
18-05-23 18:33,47.998041
18-05-23 18:34,44.580490
18-05-23 18:35,40.125296
18-05-23 18:36,37.983377
18-05-23 18:37,38.906782
18-05-23 18:38,32.699975
18-05-23 18:39,44.323459
18-05-23 18:40,43.866516
18-05-23 18:41,39.449402
18-05-23 18:42,43.428613
18-05-23 18:43,41.210536
18-05-23 18:44,43.961713
18-05-23 18:45,40.744073
18-05-23 18:46,48.245552
18-05-23 18:47,39.830188
18-05-23 18:48,41.286693
18-05-23 18:49,37.488355
18-05-23 18:50,39.173332
18-05-23 18:51,41.067741
18-05-23 18:52,40.991584
18-05-23 18:53,35.327396
18-05-23 18:54,36.098487
18-05-23 18:55,43.085906
18-05-23 18:56,43.276298
18-05-23 18:57,54.090613
18-05-23 18:58,36.003291
18-05-23 18:59,36.450714
18-05-23 19:00,33.432987
18-05-23 19:01,37.174207
18-05-23 19:02,36.641107
18-05-23 19:03,34.641982
18-05-23 19:04,32.642857
18-05-23 19:05,33.204516
18-05-23 19:06,38.602154
18-05-23 19:07,36.003291
18-05-23 19:08,33.423468
18-05-23 19:09,36.612548
18-05-23 19:10,42.714639
18-05-23 19:11,37.516914
18-05-23 19:12,34.423030
18-05-23 19:13,33.442507
18-05-23 19:14,36.507832
18-05-23 19:15,30.910282
18-05-23 19:16,36.431675
18-05-23 19:17,38.011936
18-05-23 19:18,36.355518
18-05-23 19:19,35.508269
18-05-23 19:20,39.725471
18-05-23 19:21,37.307482
18-05-23 19:22,31.919364
18-05-23 19:23,31.690893
18-05-23 19:24,32.204953
18-05-23 19:25,53.329042
18-05-23 19:26,53.938299
18-05-23 19:27,36.108007
18-05-23 19:28,29.872641
18-05-23 19:29,37.412198
18-05-23 19:30,32.385826
18-05-23 19:31,41.105820
18-05-23 19:32,35.041807
18-05-23 19:33,40.144336
18-05-23 19:34,42.962150
18-05-23 19:35,33.318752
18-05-23 19:36,52.605549
18-05-23 19:37,53.814544
18-05-23 19:38,36.203203
18-05-23 19:39,29.777444
18-05-23 19:40,38.697350
18-05-23 19:41,28.635087
18-05-23 19:42,34.822855
18-05-23 19:43,34.375432
18-05-23 19:44,31.586176
18-05-23 19:45,32.604778
18-05-23 19:46,39.021018
18-05-23 19:47,37.088530
18-05-23 19:48,34.565825
18-05-23 19:49,28.035349
18-05-23 19:50,38.925821
18-05-23 19:51,40.115777
18-05-23 19:52,31.053076
18-05-23 19:53,37.583552
18-05-23 19:54,37.288443
18-05-23 19:55,38.478398
18-05-23 19:56,38.316564
18-05-23 19:57,36.679186
18-05-23 19:58,28.882598
18-05-23 19:59,31.281548
18-05-23 20:00,32.576219
18-05-23 20:01,38.621193
18-05-23 20:02,34.756218
18-05-23 20:03,38.030975
18-05-23 20:04,35.422593
18-05-23 20:05,32.633337
18-05-23 20:06,31.576657
18-05-23 20:07,29.786964
18-05-23 20:08,36.184164
18-05-23 20:09,34.261196
18-05-23 20:10,32.414385
18-05-23 20:11,35.841457
18-05-23 20:12,39.953943
18-05-23 20:13,43.009748
18-05-23 20:14,39.354205
18-05-23 20:15,41.039182
18-05-23 20:16,32.090718
18-05-23 20:17,34.099362
18-05-23 20:18,38.906782
18-05-23 20:19,33.804253
18-05-23 20:20,33.023643
18-05-23 20:21,37.745386
18-05-23 20:22,39.239970
18-05-23 20:23,37.612111
18-05-23 20:24,37.221805
18-05-23 20:25,30.567575
18-05-23 20:26,40.201454
18-05-23 20:27,46.103632
18-05-23 20:28,42.895513
18-05-23 20:29,30.434300
18-05-23 20:30,27.844957
18-05-23 20:31,44.114027
18-05-23 20:32,43.818918
18-05-23 20:33,39.896825
18-05-23 20:34,42.486168
18-05-23 20:35,47.969483
18-05-23 20:36,42.333854
18-05-23 20:37,34.232637
18-05-23 20:38,33.918489
18-05-23 20:39,38.307045
18-05-23 20:40,30.929321
18-05-23 20:41,38.716389
18-05-23 20:42,50.092363
18-05-23 20:43,48.635858
18-05-23 20:44,55.223451
18-05-23 20:45,58.336374
18-05-23 20:46,50.949131
18-05-23 20:47,44.628088
18-05-23 20:48,45.085031
18-05-23 20:49,47.721972
18-05-23 20:50,51.596467
18-05-23 20:51,57.974628
18-05-23 20:52,56.337249
18-05-23 20:53,46.170270
18-05-23 20:54,43.466691
18-05-23 20:55,40.829750
18-05-23 20:56,49.235595
18-05-23 20:57,55.099695
18-05-23 20:58,60.049910
18-05-23 20:59,74.300816
18-05-23 21:00,78.003957
18-05-23 21:01,59.773840
18-05-23 21:02,54.804586
18-05-23 21:03,38.278486
18-05-23 21:04,46.722409
18-05-23 21:05,46.865204
18-05-23 21:06,64.571740
18-05-23 21:07,46.151231
18-05-23 21:08,45.342061
18-05-23 21:09,33.947048
18-05-23 21:10,33.004603
18-05-23 21:11,27.768799
18-05-23 21:12,34.794296
18-05-23 21:13,47.331666
18-05-23 21:14,37.164687
18-05-23 21:15,31.091155
18-05-23 21:16,28.378057
18-05-23 21:17,30.500937
18-05-23 21:18,31.871766
18-05-23 21:19,29.767925
18-05-23 21:20,37.098050
18-05-23 21:21,34.470628
18-05-23 21:22,32.747573
18-05-23 21:23,36.593509
18-05-23 21:24,29.825042
18-05-23 21:25,26.835874
18-05-23 21:26,30.243907
18-05-23 21:27,24.103737
18-05-23 21:28,22.590114
18-05-23 21:29,21.771424
18-05-23 21:30,25.722076
18-05-23 21:31,28.387576
18-05-23 21:32,22.837624
18-05-23 21:33,21.895180
18-05-23 21:34,27.111944
18-05-23 21:35,31.805128
18-05-23 21:36,30.396221
18-05-23 21:37,28.330458
18-05-23 21:38,27.844957
18-05-23 21:39,27.473691
18-05-23 21:40,29.072991
18-05-23 21:41,22.456838
18-05-23 21:42,25.893430
18-05-23 21:43,26.474128
18-05-23 21:44,22.323564
18-05-23 21:45,29.263383
18-05-23 21:46,26.483648
18-05-23 21:47,21.990376
18-05-23 21:48,27.007228
18-05-23 21:49,22.456838
18-05-23 21:50,22.951860
18-05-23 21:51,26.854914
18-05-23 21:52,27.216660
18-05-23 21:53,25.760155
18-05-23 21:54,23.856226
18-05-23 21:55,22.780506
18-05-23 21:56,23.913344
18-05-23 21:57,23.846706
18-05-23 21:58,29.092030
18-05-23 21:59,23.741990
18-05-23 22:00,23.446881
18-05-23 22:01,28.282860
18-05-23 22:02,22.989939
18-05-23 22:03,25.655439
18-05-23 22:04,21.866621
18-05-23 22:05,21.609590
18-05-23 22:06,24.113256
18-05-23 22:07,24.970024
18-05-23 22:08,27.892555
18-05-23 22:09,27.835437
18-05-23 22:10,21.600071
18-05-23 22:11,27.683123
18-05-23 22:12,25.664958
18-05-23 22:13,25.674478
18-05-23 22:14,28.901637
18-05-23 22:15,23.761030
18-05-23 22:16,24.884348
18-05-23 22:17,24.341728
18-05-23 22:18,24.103737
18-05-23 22:19,25.760155
18-05-23 22:20,24.665396
18-05-23 22:21,24.579719
18-05-23 22:22,25.769674
18-05-23 22:23,23.246969
18-05-23 22:24,23.237449
18-05-23 22:25,21.381119
18-05-23 22:26,24.484523
18-05-23 22:27,34.375432
18-05-23 22:28,26.064783
18-05-23 22:29,25.798233
18-05-23 22:30,24.037099
18-05-23 22:31,24.760592
18-05-23 22:32,24.570199
18-05-23 22:33,26.350373
18-05-23 22:34,25.227055
18-05-23 22:35,22.875703
18-05-23 22:36,24.427405
18-05-23 22:37,24.408365
18-05-23 22:38,29.272903
18-05-23 22:39,24.227492
18-05-23 22:40,26.683560
18-05-23 22:41,24.722514
18-05-23 22:42,22.590114
18-05-23 22:43,38.183289
18-05-23 22:44,35.260759
18-05-23 22:45,24.827230
18-05-23 22:46,27.178582
18-05-23 22:47,26.150460
18-05-23 22:48,27.816398
18-05-23 22:49,22.732908
18-05-23 22:50,32.966525
18-05-23 22:51,29.520414
18-05-23 22:52,32.880848
18-05-23 22:53,24.741553
18-05-23 22:54,28.054389
18-05-23 22:55,25.550723
18-05-23 22:56,25.484085
18-05-23 22:57,24.674915
18-05-23 22:58,24.151335
18-05-23 22:59,42.914552
18-05-23 23:00,41.372370
18-05-23 23:01,45.960838
18-05-23 23:02,44.723284
18-05-23 23:03,37.792984
18-05-23 23:04,48.731054
18-05-23 23:05,37.069491
18-05-23 23:06,55.518560
18-05-23 23:07,42.238657
18-05-23 23:08,51.539349
18-05-23 23:09,34.080323
18-05-23 23:10,48.940486
18-05-23 23:11,54.566595
18-05-23 23:12,47.902845
18-05-23 23:13,51.244240
18-05-23 23:14,43.028788
18-05-23 23:15,52.415156
18-05-23 23:16,48.026600
18-05-23 23:17,38.583114
18-05-23 23:18,32.661896
18-05-23 23:19,43.485731
18-05-23 23:20,38.735429
18-05-23 23:21,38.040495
18-05-23 23:22,30.443819
18-05-23 23:23,31.072116
18-05-23 23:24,28.806441
18-05-23 23:25,93.454338
18-05-23 23:26,83.829979
18-05-23 23:27,37.174207
18-05-23 23:28,37.497875
18-05-23 23:29,42.467129
18-05-23 23:30,44.599529
18-05-23 23:31,28.206703
18-05-23 23:32,34.365912
18-05-23 23:33,32.376307
18-05-23 23:34,38.297525
18-05-23 23:35,42.390972
18-05-23 23:36,39.563638
18-05-23 23:37,39.696912
18-05-23 23:38,41.277173
18-05-23 23:39,36.498312
18-05-23 23:40,39.011498
18-05-23 23:41,40.487043
18-05-23 23:42,45.618131
18-05-23 23:43,37.640670
18-05-23 23:44,31.767050
18-05-23 23:45,38.373682
18-05-23 23:46,40.820230
18-05-23 23:47,31.034037
18-05-23 23:48,25.645919
18-05-23 23:49,30.519976
18-05-23 23:50,48.740574
18-05-23 23:51,29.034912
18-05-23 23:52,44.732804
18-05-23 23:53,44.009311
18-05-23 23:54,32.385826
18-05-23 23:55,34.946611
18-05-23 23:56,37.040932
18-05-23 23:57,32.604778
18-05-23 23:58,32.071678
18-05-23 23:59,31.005478
